<?xml version='1.1' encoding='UTF-8'?>
<hudson.plugins.git.GitSCM_-DescriptorImpl plugin="git@4.7.0">
  <globalConfigName></globalConfigName>
  <globalConfigEmail></globalConfigEmail>
  <createAccountBasedOnEmail>false</createAccountBasedOnEmail>
  <useExistingAccountWithSameEmail>false</useExistingAccountWithSameEmail>
  <showEntireCommitSummaryInChanges>false</showEntireCommitSummaryInChanges>
  <hideCredentials>false</hideCredentials>
  <allowSecondFetch>false</allowSecondFetch>
  <disableGitToolChooser>false</disableGitToolChooser>
  <addGitTagAction>false</addGitTagAction>
</hudson.plugins.git.GitSCM_-DescriptorImpl>