<?xml version='1.1' encoding='UTF-8'?>
<scriptApproval plugin="script-security@1.76">
  <approvedScriptHashes>
    <string>01709cab4a4c82bee58f1e6312b0fcaaab2da1e3</string>
    <string>017d0db438428731cd600b6ebda805065433520f</string>
    <string>021ca56a393b1add6891b4f501fa9642f501fa98</string>
    <string>24f73357d1ef4e9c2b0e083162058833fbbb1b8e</string>
    <string>2dce2cb123cf2fa882672997911b5f0bf8e3736b</string>
    <string>3f5d8c5c83de6c0ffd014f9985a5dbcd3c96082a</string>
    <string>5728d26be528b13ea81cc1ab5e3f39de38afa224</string>
    <string>7b28b53c5825b1e59bfe44c531d6f21a64fb4b40</string>
    <string>7e6a4406933766d02622721dab2af2eadf0ed466</string>
    <string>7f85da4ab80236724cd1291eedae006159a026eb</string>
    <string>8530ada6e5980e8e2450980123045860145f52a6</string>
    <string>8688baccbbc32682046d6acdedaaf64864e9ea92</string>
    <string>8aa4e86a122dd2d9e9fbbd40b877b4ad32232582</string>
    <string>a632180c3ba372990b3259dd0cc981fcc15d5163</string>
    <string>a9316642d269023c401a65ec62ea63664a567752</string>
    <string>b2235b3852403fd109f3f7ffda3aff7e42dbd577</string>
    <string>b9297edf4692c8cab5bda4b7989d0025e7cedb06</string>
    <string>bd48f37c6084ab3707333c252b0df16fe0a16803</string>
    <string>c422eeb9fd4cac6af87a3a3a450f8ca08acff6a9</string>
    <string>c7cb2da62cf100cab7075a3de4184c69c1181d81</string>
    <string>c97e52c476d20f55222699af7f5b786eb63d0fac</string>
    <string>cc8b657e2af4234c28b55bb2973a7d12d70e70fb</string>
    <string>dd18398d50d4c41c03b7703c85e785921960f626</string>
    <string>e76ef4f217431fce7c66cff747d3fe27b4438c5b</string>
    <string>ead13d16278e03de32e8b43dfc6249027b8861f1</string>
    <string>f0af968afc010163ca155d57123c5186bae93878</string>
    <string>f56d55d339efb49ce522f5747021da5582f5467a</string>
  </approvedScriptHashes>
  <approvedSignatures/>
  <aclApprovedSignatures/>
  <approvedClasspathEntries/>
  <pendingScripts/>
  <pendingSignatures/>
  <pendingClasspathEntries/>
</scriptApproval>