<?xml version='1.1' encoding='UTF-8'?>
<hudson.model.UserIdMapper>
  <version>1</version>
  <idToDirectoryNameMap class="concurrent-hash-map">
    <entry>
      <string>ruslanriznyk</string>
      <string>ruslanriznyk_5958326037474335399</string>
    </entry>
    <entry>
      <string>noreply</string>
      <string>noreply_4206370604116078439</string>
    </entry>
    <entry>
      <string>ec2-user</string>
      <string>ec2user_7062391209525742371</string>
    </entry>
    <entry>
      <string>rool</string>
      <string>rool_1474237483374479709</string>
    </entry>
  </idToDirectoryNameMap>
</hudson.model.UserIdMapper>