<?xml version='1.1' encoding='UTF-8'?>
<jenkins.branch.MultiBranchProject_-State plugin="branch-api@2.6.3">
  <sourceActions>
    <entry>
      <string>18238c79-a2f7-4322-9b7f-2788273080c3</string>
      <list>
        <org.jenkinsci.plugins.github__branch__source.GitHubRepoMetadataAction plugin="github-branch-source@2.10.2"/>
        <jenkins.scm.api.metadata.ObjectMetadataAction plugin="scm-api@2.6.4"/>
        <org.jenkinsci.plugins.github__branch__source.GitHubLink plugin="github-branch-source@2.10.2">
          <iconClassName>icon-github-repo</iconClassName>
          <url>https://github.com/roolrd/base_of_product</url>
        </org.jenkinsci.plugins.github__branch__source.GitHubLink>
        <org.jenkinsci.plugins.github__branch__source.GitHubDefaultBranch plugin="github-branch-source@2.10.2">
          <repoOwner>roolrd</repoOwner>
          <repository>base_of_product</repository>
          <defaultBranch>master</defaultBranch>
        </org.jenkinsci.plugins.github__branch__source.GitHubDefaultBranch>
      </list>
    </entry>
  </sourceActions>
</jenkins.branch.MultiBranchProject_-State>