<?xml version='1.1' encoding='UTF-8'?>
<org.jenkinsci.plugins.github__branch__source.PullRequestSCMRevision plugin="github-branch-source@2.10.2">
  <head class="org.jenkinsci.plugins.github_branch_source.PullRequestSCMHead">
    <name>PR-1</name>
    <merge>true</merge>
    <number>1</number>
    <target>
      <name>master</name>
    </target>
    <sourceOwner>roolrd</sourceOwner>
    <sourceRepo>base_of_product</sourceRepo>
    <sourceBranch>dependabot/maven/junit-junit-4.13.1</sourceBranch>
    <origin class="jenkins.scm.api.SCMHeadOrigin$Default" plugin="scm-api@2.6.4"/>
  </head>
  <target class="jenkins.plugins.git.AbstractGitSCMSource$SCMRevisionImpl" plugin="git@4.7.0">
    <head class="org.jenkinsci.plugins.github_branch_source.BranchSCMHead" reference="../../head/target"/>
    <hash>e55871f9138a7c69c11dc39f4d880e01062b6581</hash>
  </target>
  <baseHash>e55871f9138a7c69c11dc39f4d880e01062b6581</baseHash>
  <pullHash>709b740ecff8e1ed5de168c7e0e6c4ac16187f7a</pullHash>
  <mergeHash>448739dbd7ce3aacd21eda34fbc51348fa5d36a8</mergeHash>
</org.jenkinsci.plugins.github__branch__source.PullRequestSCMRevision>