<?xml version='1.1' encoding='UTF-8'?>
<hudson.plugins.git.GitTool_-DescriptorImpl plugin="git-client@3.6.0">
  <installations class="hudson.plugins.git.GitTool-array">
    <hudson.plugins.git.GitTool>
      <name>Default</name>
      <home>git</home>
      <properties>
        <hudson.tools.InstallSourceProperty>
          <installers/>
        </hudson.tools.InstallSourceProperty>
      </properties>
    </hudson.plugins.git.GitTool>
  </installations>
</hudson.plugins.git.GitTool_-DescriptorImpl>